Workbook

Sheet Rough-In
A1: Room | B1: Floor | C1: System | D1: KB code | E1: Description | F1: Qty | G1: Unit $ | H1: Total $ | I1: Status
A2: Great Room + Kitchen | B2: F1 | C2: data | D2: 2010394 | E2: Great-room media wall — dual-port CAT6 | F2: 2 | G2: 119 | H2: =IF(I2="add",F2*G2,0) -> 238 | I2: add
A3: Great Room + Kitchen | B3: F1 | C3: data | D3: 2010394 | E3: Ceiling AP, Floor 1 central — redundant pair | F3: 2 | G3: 119 | H3: =IF(I3="add",F3*G3,0) -> 238 | I3: add
A4: Bedroom 2 (Office) | B4: F2 | C4: data | D4: 2010394 | E4: Office desk wall — dual-port CAT6 | F4: 2 | G4: 119 | H4: =IF(I4="add",F4*G4,0) -> 238 | I4: add
A5: Primary Bedroom | B5: F2 | C5: data | D5: 2010394 | E5: Primary TV/desk wall | F5: 1 | G5: 119 | H5: =IF(I5="add",F5*G5,0) -> 119 | I5: add
A6: Loft | B6: F2 | C6: data | D6: 2010394 | E6: Loft media/console wall | F6: 1 | G6: 119 | H6: =IF(I6="add",F6*G6,0) -> 119 | I6: add
A7: Bedroom 3 (Guest) | B7: F2 | C7: data | D7: 2010394 | E7: Guest room desk/TV | F7: 1 | G7: 119 | H7: =IF(I7="add",F7*G7,0) -> 119 | I7: add
A8: F2 Landing | B8: F2 | C8: data | D8: 2010394 | E8: Ceiling AP, F2 landing — single | F8: 1 | G8: 119 | H8: =IF(I8="add",F8*G8,0) -> 119 | I8: add
A9: Front Porch / Entry | B9: F1 | C9: data | D9: 2010394 | E9: Video doorbell, front door frame | F9: 1 | G9: 119 | H9: =IF(I9="add",F9*G9,0) -> 119 | I9: add
A10: Garage | B10: F1 | C10: data | D10: 2010394 | E10: Garage wall (workbench) | F10: 1 | G10: 119 | H10: =IF(I10="add",F10*G10,0) -> 119 | I10: add
A11: Basement (Daniel) | B11: BSMT | C11: data | D11: 2010394 | E11: Basement media wall (Daniel) | F11: 1 | G11: 119 | H11: =IF(I11="add",F11*G11,0) -> 119 | I11: add
A12: Basement (Daniel) | B12: BSMT | C12: data | D12: 2010394 | E12: Ceiling AP, basement — redundant pair | F12: 2 | G12: 119 | H12: =IF(I12="add",F12*G12,0) -> 238 | I12: add
A13: Bedroom 2 (Office) | B13: F2 | C13: data | D13: 2018557 | E13: Conduit stub: closet head-end → attic (1¼″, pull string, incl. 2× 110V) | F13: 1 | G13: 279 | H13: =IF(I13="add",F13*G13,0) -> 279 | I13: add
... A30: Loft | B30: F2 | C30: light | D30: 2010655 | E30: Additional switch — accent-layer separation | F30: 1 | G30: 69 | H30: =IF(I30="add",F30*G30,0) -> 69 | I30: add
A31: Bedroom 2 (Office) | B31: F2 | C31: data | D31: 2018557 | E31: ASK: second conduit, closet → basement ceiling void | F31: 1 | H31: =IF(I31="add",F31*G31,0) -> 0 | I31: verify
A32: Bedroom 2 (Office) | B32: F2 | C32: data | D32: — | E32: Fibre service entry → path/conduit to Bed-2 closet; ONT placed in closet (or Ethernet handoff from entry point) | F32: 1 | H32: =IF(I32="add",F32*G32,0) -> 0 | I32: verify
A33: Bedroom 2 (Office) | B33: F2 | C33: data | D33: — | E33: Confirm: all 15 drops terminate in Bed-2 closet; if enclosure relocation is refused, name the per-plan enclosure location | F33: 1 | H33: =IF(I33="add",F33*G33,0) -> 0 | I33: verify
A34: Front Porch / Entry | B34: F1 | C34: data | D34: — | E34: Confirm exterior CAT6 placement at door frame + drops tested/certified with results | F34: 1 | H34: =IF(I34="add",F34*G34,0) -> 0 | I34: verify
A35: Great Room + Kitchen | B35: F1 | C35: light | D35: — | E35: In-ceiling speaker pre-wire (great room) — ask if offered | F35: 1 | H35: =IF(I35="add",F35*G35,0) -> 0 | I35: verify
A36: Primary Bedroom | B36: F2 | C36: light | D36: — | E36: In-ceiling speaker pre-wire (primary) — ask if offered | F36: 1 | H36: =IF(I36="add",F36*G36,0) -> 0 | I36: verify
A37: Loft | B37: F2 | C37: light | D37: — | E37: In-ceiling speaker pre-wire (loft) — ask if offered | F37: 1 | H37: =IF(I37="add",F37*G37,0) -> 0 | I37: verify
A38: Laundry | B38: F1 | C38: power | D38: — | E38: Confirm neutral at every switch box + HVAC C-wire/zoning provisioning | F38: 1 | H38: =IF(I38="add",F38*G38,0) -> 0 | I38: verify
E39: KB ORDER TOTAL | H39: =SUM(H2:H38) -> 4235

Sheet Register
A1: Casa Dos Hermanos — Master Room Register v2.1 · 13 Jul 2026 · head-end: Bed-2 (office) closet · EV excluded
A2: Floor | B2: Room | C2: Occupancy | D2: CAT6 drops | E2: Power adds | F2: Lighting adds | G2: Rough-in $ (adds) | H2: Notes
A3: F1 | B3: Garage | C3: Shared | D3: 1 | G3: =SUMIFS('Rough-In'!H:H,'Rough-In'!A:A,B3,'Rough-In'!I:I,"add") -> 119 | H3: 1 CAT6 (workbench). EV outlet deliberately excluded.
A4: F1 | B4: Front Porch / Entry | C4: Shared | D4: 1 | E4: 2 | G4: =SUMIFS('Rough-In'!H:H,'Rough-In'!A:A,B4,'Rough-In'!I:I,"add") -> 397 | H4: Doorbell CAT6; eave GFI + switch
A5: F1 | B5: Great Room + Kitchen | C5: Shared | D5: 4 | E5: 3 | G5: =SUMIFS('Rough-In'!H:H,'Rough-In'!A:A,B5,'Rough-In'!I:I,"add") -> 683 | H5: Media wall dual CAT6 + F1 AP pair; UC-tape feed outlet+switch
A6: F1 | B6: Laundry | C6: Shared | G6: =SUMIFS('Rough-In'!H:H,'Rough-In'!A:A,B6,'Rough-In'!I:I,"add") -> 0
A7: F1 | B7: Pantry | C7: Shared | G7: =SUMIFS('Rough-In'!H:H,'Rough-In'!A:A,B7,'Rough-In'!I:I,"add") -> 0
A8: F1 | B8: Coats | C8: Shared | G8: =SUMIFS('Rough-In'!H:H,'Rough-In'!A:A,B8,'Rough-In'!I:I,"add") -> 0
A9: F1 | B9: Powder | C9: Shared | G9: =SUMIFS('Rough-In'!H:H,'Rough-In'!A:A,B9,'Rough-In'!I:I,"add") -> 0
A10: F2 | B10: Primary Bedroom | C10: Salieri | D10: 1 | E10: 3 | F10: 2 | G10: =SUMIFS('Rough-In'!H:H,'Rough-In'!A:A,B10,'Rough-In'!I:I,"add") -> 604 | H10: Fan prewire + extra switch; bedside pair; TV outlet
A11: F2 | B11: Primary Bath | C11: Salieri | E11: 1 | G11: =SUMIFS('Rough-In'!H:H,'Rough-In'!A:A,B11,'Rough-In'!I:I,"add") -> 79 | H11: GFI at WC (washlet)
A12: F2 | B12: Pwic | C12: Shared | G12: =SUMIFS('Rough-In'!H:H,'Rough-In'!A:A,B12,'Rough-In'!I:I,"add") -> 0
A13: F2 | B13: Bedroom 2 (Office) | C13: Salieri | D13: 3 | E13: 3 | F13: 1 | G13: =SUMIFS('Rough-In'!H:H,'Rough-In'!A:A,B13,'Rough-In'!I:I,"add") -> 1083 | H13: TECH CLOSET: head-end, 20A circuit, attic conduit stub; dual CAT6 + desk outlets; Geary as box carrier
A14: F2 | B14: Bedroom 3 (Guest) | C14: Parents (guest) | D14: 1 | F14: 1 | G14: =SUMIFS('Rough-In'!H:H,'Rough-In'!A:A,B14,'Rough-In'!I:I,"add") -> 328 | H14: Fan prewire; 1 drop (insurance tier)
A15: F2 | B15: Bath2 | C15: Shared | G15: =SUMIFS('Rough-In'!H:H,'Rough-In'!A:A,B15,'Rough-In'!I:I,"add") -> 0
A16: F2 | B16: Loft | C16: Shared | D16: 1 | E16: 1 | F16: 2 | G16: =SUMIFS('Rough-In'!H:H,'Rough-In'!A:A,B16,'Rough-In'!I:I,"add") -> 466 | H16: Fan prewire + extra switch; media drop; TV outlet
A17: F2 | B17: F2 Landing | C17: Shared | D17: 1 | G17: =SUMIFS('Rough-In'!H:H,'Rough-In'!A:A,B17,'Rough-In'!I:I,"add") -> 119 | H17: F2 landing AP — single, attic-retrofittable
A18: BSMT | B18: Basement (Daniel) | C18: Daniel | D18: 3 | G18: =SUMIFS('Rough-In'!H:H,'Rough-In'!A:A,B18,'Rough-In'!I:I,"add") -> 357 | H18: Daniel: media + AP pair (ceiling gets drywalled)
A19: BSMT | B19: Bupper | C19: Shared | G19: =SUMIFS('Rough-In'!H:H,'Rough-In'!A:A,B19,'Rough-In'!I:I,"add") -> 0
B20: TOTAL | G20: =SUM(G3:G19) -> 4235

Sheet Method
A1: Register v2.1 — provenance & use
A2: • Single source: cdh_roughin_v2.json drives this file, plan_roughin_v6.html, network.html rev2 and the Selection Schedule.
A3: • v2 changes: head-end relocated garage → Bed-2 closet; 20A circuit moved to closet (serves office too); EV outlet removed; basement conduit demoted to ASK; fibre-entry path is now KB question #1.
A4: • Quantities = ADDS above KB base spec. Blue cells editable; totals recalc. 'verify' rows are uncosted questions.
A5: • Areas intentionally omitted — they live in 2088_authoritative_dims_v2.json / Plan2088_Room_Schedule.xlsx.
